Frame index, Frame time (ms), DLSS-G Frame Duration (ms), CPU memory (MB), GPU memory (MB)
0, 38.91, 19.45, 0.00, 0.00
1, 38.84, 19.42, 0.00, 0.00
2, 38.33, 19.16, 0.00, 0.00
3, 38.50, 19.25, 0.00, 0.00
4, 37.75, 18.88, 0.00, 0.00
5, 39.44, 19.72, 0.00, 0.00
6, 37.10, 18.55, 0.00, 0.00
7, 37.70, 18.85, 0.00, 0.00
8, 38.56, 19.28, 0.00, 0.00
9, 37.84, 18.92, 0.00, 0.00
10, 37.83, 18.91, 0.00, 0.00
11, 37.84, 18.92, 0.00, 0.00
12, 37.83, 18.91, 0.00, 0.00
13, 37.97, 18.99, 0.00, 0.00
14, 38.17, 19.09, 0.00, 0.00
15, 38.06, 19.03, 0.00, 0.00
16, 37.50, 18.75, 0.00, 0.00
17, 37.53, 18.76, 0.00, 0.00
18, 38.15, 19.07, 0.00, 0.00
19, 38.66, 19.33, 0.00, 0.00
20, 38.98, 19.49, 0.00, 0.00
21, 37.70, 18.85, 0.00, 0.00
22, 39.23, 19.61, 0.00, 0.00
23, 38.80, 19.40, 0.00, 0.00
24, 38.98, 19.49, 0.00, 0.00
25, 38.95, 19.47, 0.00, 0.00
26, 38.81, 19.41, 0.00, 0.00
27, 38.83, 19.41, 0.00, 0.00
28, 38.86, 19.43, 0.00, 0.00
29, 38.93, 19.46, 0.00, 0.00
30, 38.70, 19.35, 0.00, 0.00
31, 39.14, 19.57, 0.00, 0.00
32, 37.78, 18.89, 0.00, 0.00
33, 38.21, 19.10, 0.00, 0.00
34, 38.20, 19.10, 0.00, 0.00
35, 37.56, 18.78, 0.00, 0.00
36, 37.58, 18.79, 0.00, 0.00
37, 38.14, 19.07, 0.00, 0.00
38, 38.34, 19.17, 0.00, 0.00
39, 38.43, 19.22, 0.00, 0.00
40, 38.25, 19.12, 0.00, 0.00
41, 39.09, 19.55, 0.00, 0.00
42, 37.33, 18.67, 0.00, 0.00
43, 38.50, 19.25, 0.00, 0.00
44, 37.86, 18.93, 0.00, 0.00
45, 38.95, 19.47, 0.00, 0.00
46, 38.36, 38.36, 0.00, 0.00
47, 38.88, 19.44, 0.00, 0.00
48, 38.78, 19.39, 0.00, 0.00
49, 39.26, 39.26, 0.00, 0.00
50, 39.07, 19.54, 0.00, 0.00
51, 39.26, 19.63, 0.00, 0.00
52, 39.40, 19.70, 0.00, 0.00
53, 39.74, 19.87, 0.00, 0.00
54, 39.53, 19.76, 0.00, 0.00
55, 39.68, 19.84, 0.00, 0.00
56, 39.76, 19.88, 0.00, 0.00
57, 39.61, 19.81, 0.00, 0.00
58, 39.76, 19.88, 0.00, 0.00
59, 40.14, 20.07, 0.00, 0.00
60, 39.51, 19.75, 0.00, 0.00
61, 40.23, 40.23, 0.00, 0.00
62, 39.37, 19.69, 0.00, 0.00
63, 40.03, 20.02, 0.00, 0.00
64, 40.06, 20.03, 0.00, 0.00
65, 40.30, 20.15, 0.00, 0.00
66, 40.05, 20.02, 0.00, 0.00
67, 40.94, 40.94, 0.00, 0.00
68, 38.56, 19.28, 0.00, 0.00
69, 40.96, 40.96, 0.00, 0.00
70, 39.13, 19.56, 0.00, 0.00
71, 39.63, 19.81, 0.00, 0.00
72, 39.74, 19.87, 0.00, 0.00
73, 39.88, 19.94, 0.00, 0.00
74, 40.04, 20.02, 0.00, 0.00
75, 40.36, 20.18, 0.00, 0.00
76, 40.42, 20.21, 0.00, 0.00
77, 39.76, 19.88, 0.00, 0.00
78, 40.43, 20.22, 0.00, 0.00
79, 40.36, 20.18, 0.00, 0.00
80, 40.58, 20.29, 0.00, 0.00
81, 40.71, 20.35, 0.00, 0.00
82, 40.32, 20.16, 0.00, 0.00
83, 41.53, 20.76, 0.00, 0.00
84, 39.78, 19.89, 0.00, 0.00
85, 42.22, 21.11, 0.00, 0.00
86, 39.19, 19.59, 0.00, 0.00
87, 41.46, 20.73, 0.00, 0.00
88, 41.28, 20.64, 0.00, 0.00
89, 41.85, 20.92, 0.00, 0.00
90, 42.15, 21.08, 0.00, 0.00
91, 42.14, 21.07, 0.00, 0.00
92, 43.46, 21.73, 0.00, 0.00
93, 43.49, 21.74, 0.00, 0.00
94, 44.12, 22.06, 0.00, 0.00
95, 44.32, 22.16, 0.00, 0.00
96, 44.54, 22.27, 0.00, 0.00
97, 44.80, 22.40, 0.00, 0.00
98, 44.98, 22.49, 0.00, 0.00
99, 44.29, 22.15, 0.00, 0.00
100, 44.40, 22.20, 0.00, 0.00
101, 44.77, 22.39, 0.00, 0.00
102, 45.19, 22.60, 0.00, 0.00
103, 45.02, 22.51, 0.00, 0.00
104, 45.03, 22.51, 0.00, 0.00
105, 45.01, 22.51, 0.00, 0.00
106, 46.49, 23.25, 0.00, 0.00
107, 42.49, 21.24, 0.00, 0.00
108, 44.10, 22.05, 0.00, 0.00
109, 43.47, 21.73, 0.00, 0.00
110, 43.50, 21.75, 0.00, 0.00
111, 43.11, 21.55, 0.00, 0.00
112, 42.15, 21.08, 0.00, 0.00
113, 42.65, 21.32, 0.00, 0.00
114, 42.93, 21.46, 0.00, 0.00
115, 41.87, 20.93, 0.00, 0.00
116, 41.48, 20.74, 0.00, 0.00
117, 42.30, 21.15, 0.00, 0.00
118, 40.55, 20.27, 0.00, 0.00
119, 41.32, 20.66, 0.00, 0.00
120, 41.11, 20.56, 0.00, 0.00
121, 41.21, 20.61, 0.00, 0.00
122, 39.66, 19.83, 0.00, 0.00
123, 39.87, 19.93, 0.00, 0.00
124, 39.54, 19.77, 0.00, 0.00
125, 39.02, 19.51, 0.00, 0.00
126, 38.52, 19.26, 0.00, 0.00
127, 38.26, 19.13, 0.00, 0.00
128, 38.57, 19.29, 0.00, 0.00
129, 38.55, 19.28, 0.00, 0.00
130, 38.10, 19.05, 0.00, 0.00
131, 39.13, 19.56, 0.00, 0.00
132, 38.76, 19.38, 0.00, 0.00
133, 38.72, 19.36, 0.00, 0.00
134, 38.83, 19.41, 0.00, 0.00
135, 39.07, 19.54, 0.00, 0.00
136, 39.01, 39.01, 0.00, 0.00
137, 39.06, 19.53, 0.00, 0.00
138, 39.41, 19.71, 0.00, 0.00
139, 39.50, 19.75, 0.00, 0.00
140, 39.63, 19.82, 0.00, 0.00
141, 40.87, 20.44, 0.00, 0.00
142, 39.36, 19.68, 0.00, 0.00
143, 40.43, 20.22, 0.00, 0.00
144, 40.54, 20.27, 0.00, 0.00
145, 40.54, 20.27, 0.00, 0.00
146, 40.80, 20.40, 0.00, 0.00
147, 40.93, 20.46, 0.00, 0.00
148, 41.17, 20.58, 0.00, 0.00
149, 41.13, 20.56, 0.00, 0.00
150, 41.22, 20.61, 0.00, 0.00
151, 42.39, 21.19, 0.00, 0.00
152, 40.29, 20.15, 0.00, 0.00
153, 41.24, 20.62, 0.00, 0.00
154, 42.23, 21.12, 0.00, 0.00
155, 40.01, 20.00, 0.00, 0.00
156, 41.92, 20.96, 0.00, 0.00
157, 41.19, 20.59, 0.00, 0.00
158, 40.85, 20.42, 0.00, 0.00
159, 40.96, 20.48, 0.00, 0.00
160, 41.32, 20.66, 0.00, 0.00
161, 40.40, 20.20, 0.00, 0.00
162, 40.71, 20.35, 0.00, 0.00
163, 40.30, 20.15, 0.00, 0.00
164, 40.34, 20.17, 0.00, 0.00
165, 40.40, 40.40, 0.00, 0.00
166, 39.48, 19.74, 0.00, 0.00
167, 39.97, 19.99, 0.00, 0.00
168, 40.01, 20.00, 0.00, 0.00
169, 39.78, 19.89, 0.00, 0.00
170, 40.24, 20.12, 0.00, 0.00
171, 39.66, 19.83, 0.00, 0.00
172, 39.89, 19.95, 0.00, 0.00
173, 40.11, 40.11, 0.00, 0.00
174, 39.34, 19.67, 0.00, 0.00
175, 39.65, 19.82, 0.00, 0.00
176, 39.61, 19.80, 0.00, 0.00
177, 39.71, 19.85, 0.00, 0.00
178, 39.30, 19.65, 0.00, 0.00
179, 40.39, 20.20, 0.00, 0.00
180, 38.93, 19.47, 0.00, 0.00
181, 39.90, 19.95, 0.00, 0.00
182, 40.22, 20.11, 0.00, 0.00
183, 39.91, 19.96, 0.00, 0.00
184, 40.02, 20.01, 0.00, 0.00
185, 40.15, 20.08, 0.00, 0.00
186, 41.32, 20.66, 0.00, 0.00
187, 39.68, 19.84, 0.00, 0.00
188, 40.37, 20.18, 0.00, 0.00
189, 40.60, 20.30, 0.00, 0.00
190, 40.69, 20.34, 0.00, 0.00
191, 40.33, 20.17, 0.00, 0.00
192, 40.91, 20.45, 0.00, 0.00
193, 39.90, 19.95, 0.00, 0.00
194, 40.26, 20.13, 0.00, 0.00
195, 39.99, 39.99, 0.00, 0.00
196, 39.82, 19.91, 0.00, 0.00
197, 40.09, 20.05, 0.00, 0.00
198, 39.30, 39.30, 0.00, 0.00
199, 39.44, 19.72, 0.00, 0.00
200, 39.26, 19.63, 0.00, 0.00
201, 39.27, 19.63, 0.00, 0.00
202, 38.70, 19.35, 0.00, 0.00
203, 38.89, 19.44, 0.00, 0.00
204, 38.52, 19.26, 0.00, 0.00
205, 39.46, 19.73, 0.00, 0.00
206, 38.98, 19.49, 0.00, 0.00
207, 38.91, 19.46, 0.00, 0.00
208, 39.30, 19.65, 0.00, 0.00
209, 38.18, 19.09, 0.00, 0.00
210, 38.33, 19.16, 0.00, 0.00
211, 38.71, 19.35, 0.00, 0.00
212, 38.26, 19.13, 0.00, 0.00
213, 38.16, 19.08, 0.00, 0.00
214, 38.40, 19.20, 0.00, 0.00
215, 38.29, 19.14, 0.00, 0.00
216, 38.58, 19.29, 0.00, 0.00
217, 38.45, 19.23, 0.00, 0.00
218, 38.80, 19.40, 0.00, 0.00
219, 38.04, 19.02, 0.00, 0.00
220, 39.64, 19.82, 0.00, 0.00
221, 38.75, 19.38, 0.00, 0.00
222, 39.92, 19.96, 0.00, 0.00
223, 38.41, 38.41, 0.00, 0.00
224, 37.48, 18.74, 0.00, 0.00
225, 38.63, 19.31, 0.00, 0.00
226, 38.30, 19.15, 0.00, 0.00
227, 38.36, 19.18, 0.00, 0.00
228, 38.38, 19.19, 0.00, 0.00
229, 38.32, 19.16, 0.00, 0.00
230, 38.69, 19.35, 0.00, 0.00
231, 37.89, 18.95, 0.00, 0.00
232, 38.07, 19.03, 0.00, 0.00
233, 38.22, 19.11, 0.00, 0.00
234, 37.87, 18.93, 0.00, 0.00
235, 37.84, 18.92, 0.00, 0.00
236, 37.59, 18.80, 0.00, 0.00
237, 37.50, 18.75, 0.00, 0.00
238, 37.39, 18.69, 0.00, 0.00
239, 37.44, 18.72, 0.00, 0.00
240, 37.60, 18.80, 0.00, 0.00
241, 37.90, 18.95, 0.00, 0.00
242, 38.25, 19.12, 0.00, 0.00
243, 39.31, 39.31, 0.00, 0.00
244, 38.77, 19.39, 0.00, 0.00
245, 39.56, 19.78, 0.00, 0.00
246, 39.75, 19.87, 0.00, 0.00
247, 40.08, 20.04, 0.00, 0.00
248, 40.07, 20.04, 0.00, 0.00
249, 40.40, 20.20, 0.00, 0.00
250, 41.42, 20.71, 0.00, 0.00
251, 41.83, 20.91, 0.00, 0.00
252, 39.43, 19.72, 0.00, 0.00
253, 40.07, 20.03, 0.00, 0.00
254, 41.47, 20.74, 0.00, 0.00
255, 41.24, 20.62, 0.00, 0.00
256, 41.84, 20.92, 0.00, 0.00
257, 41.89, 20.94, 0.00, 0.00
258, 42.21, 21.10, 0.00, 0.00
259, 42.07, 21.03, 0.00, 0.00
260, 42.59, 21.30, 0.00, 0.00
261, 42.52, 21.26, 0.00, 0.00
262, 42.74, 21.37, 0.00, 0.00
263, 42.80, 21.40, 0.00, 0.00
264, 43.06, 21.53, 0.00, 0.00
265, 42.93, 21.47, 0.00, 0.00
266, 42.14, 21.07, 0.00, 0.00
267, 42.98, 21.49, 0.00, 0.00
268, 42.59, 21.30, 0.00, 0.00
269, 42.23, 21.11, 0.00, 0.00
270, 42.05, 21.02, 0.00, 0.00
271, 41.80, 20.90, 0.00, 0.00
272, 41.35, 20.67, 0.00, 0.00
273, 41.60, 20.80, 0.00, 0.00
274, 41.41, 20.71, 0.00, 0.00
275, 41.30, 20.65, 0.00, 0.00
276, 41.07, 20.54, 0.00, 0.00
277, 41.26, 20.63, 0.00, 0.00
278, 41.23, 20.62, 0.00, 0.00
279, 41.27, 20.64, 0.00, 0.00
280, 41.56, 20.78, 0.00, 0.00
281, 40.43, 20.21, 0.00, 0.00
282, 40.55, 20.27, 0.00, 0.00
283, 40.58, 20.29, 0.00, 0.00
284, 40.63, 20.31, 0.00, 0.00
285, 41.18, 41.18, 0.00, 0.00
286, 39.94, 19.97, 0.00, 0.00
287, 40.39, 20.19, 0.00, 0.00
288, 40.48, 20.24, 0.00, 0.00
289, 40.27, 20.13, 0.00, 0.00
290, 40.96, 20.48, 0.00, 0.00
291, 39.84, 19.92, 0.00, 0.00
292, 40.62, 20.31, 0.00, 0.00
293, 39.83, 19.91, 0.00, 0.00
294, 39.75, 19.88, 0.00, 0.00
295, 39.82, 19.91, 0.00, 0.00
296, 39.23, 19.62, 0.00, 0.00
297, 39.55, 19.78, 0.00, 0.00
298, 39.23, 19.61, 0.00, 0.00
299, 39.53, 19.76, 0.00, 0.00
300, 39.20, 19.60, 0.00, 0.00
301, 38.49, 19.24, 0.00, 0.00
302, 38.79, 19.39, 0.00, 0.00
303, 38.64, 19.32, 0.00, 0.00
304, 38.72, 19.36, 0.00, 0.00
305, 38.62, 38.62, 0.00, 0.00
306, 38.56, 19.28, 0.00, 0.00
307, 37.95, 18.98, 0.00, 0.00
308, 38.42, 19.21, 0.00, 0.00
309, 39.21, 19.60, 0.00, 0.00
310, 38.53, 19.26, 0.00, 0.00
311, 38.18, 19.09, 0.00, 0.00
312, 38.00, 19.00, 0.00, 0.00
313, 38.99, 19.50, 0.00, 0.00
314, 38.37, 19.19, 0.00, 0.00
315, 37.96, 18.98, 0.00, 0.00
316, 38.27, 19.13, 0.00, 0.00
317, 37.91, 18.96, 0.00, 0.00
318, 38.10, 19.05, 0.00, 0.00
319, 38.11, 19.06, 0.00, 0.00
320, 38.85, 19.43, 0.00, 0.00
321, 38.90, 19.45, 0.00, 0.00
322, 39.04, 19.52, 0.00, 0.00
323, 38.73, 19.36, 0.00, 0.00
324, 39.06, 19.53, 0.00, 0.00
325, 40.57, 20.29, 0.00, 0.00
326, 38.79, 19.40, 0.00, 0.00
327, 40.56, 20.28, 0.00, 0.00
328, 39.54, 19.77, 0.00, 0.00
329, 40.18, 20.09, 0.00, 0.00
330, 40.32, 20.16, 0.00, 0.00
331, 40.02, 20.01, 0.00, 0.00
332, 39.91, 19.96, 0.00, 0.00
333, 40.57, 20.28, 0.00, 0.00
334, 39.45, 19.72, 0.00, 0.00
335, 39.85, 19.92, 0.00, 0.00
336, 40.03, 20.02, 0.00, 0.00
337, 39.56, 19.78, 0.00, 0.00
338, 40.02, 20.01, 0.00, 0.00
339, 38.57, 19.28, 0.00, 0.00
340, 38.80, 19.40, 0.00, 0.00
341, 38.53, 19.27, 0.00, 0.00
342, 38.03, 19.01, 0.00, 0.00
343, 38.30, 19.15, 0.00, 0.00
344, 39.50, 19.75, 0.00, 0.00
345, 35.73, 17.87, 0.00, 0.00
346, 37.37, 18.69, 0.00, 0.00
347, 37.81, 18.90, 0.00, 0.00
348, 38.72, 38.72, 0.00, 0.00
349, 37.85, 18.92, 0.00, 0.00
350, 38.24, 19.12, 0.00, 0.00
351, 38.13, 19.07, 0.00, 0.00
352, 38.35, 19.17, 0.00, 0.00
353, 38.38, 19.19, 0.00, 0.00
354, 38.08, 19.04, 0.00, 0.00
355, 38.21, 19.11, 0.00, 0.00
356, 38.09, 19.05, 0.00, 0.00
357, 37.99, 18.99, 0.00, 0.00
358, 37.96, 18.98, 0.00, 0.00
359, 37.96, 18.98, 0.00, 0.00
360, 37.30, 18.65, 0.00, 0.00
361, 38.54, 19.27, 0.00, 0.00
362, 36.79, 18.39, 0.00, 0.00
363, 38.07, 19.04, 0.00, 0.00
364, 37.72, 18.86, 0.00, 0.00
365, 38.79, 19.40, 0.00, 0.00
366, 37.11, 18.56, 0.00, 0.00
367, 38.01, 19.01, 0.00, 0.00
368, 38.23, 19.12, 0.00, 0.00
369, 38.01, 19.01, 0.00, 0.00
370, 38.11, 19.06, 0.00, 0.00
371, 37.96, 18.98, 0.00, 0.00
372, 38.56, 19.28, 0.00, 0.00
373, 37.89, 18.94, 0.00, 0.00
374, 39.31, 19.65, 0.00, 0.00
375, 36.94, 18.47, 0.00, 0.00
376, 39.20, 19.60, 0.00, 0.00
377, 38.80, 19.40, 0.00, 0.00
378, 38.58, 19.29, 0.00, 0.00
379, 38.92, 38.92, 0.00, 0.00
380, 38.20, 19.10, 0.00, 0.00
381, 38.38, 19.19, 0.00, 0.00
382, 38.46, 19.23, 0.00, 0.00
383, 38.15, 19.07, 0.00, 0.00
384, 38.26, 19.13, 0.00, 0.00
385, 39.95, 19.97, 0.00, 0.00
386, 36.29, 18.14, 0.00, 0.00
387, 38.16, 19.08, 0.00, 0.00
388, 38.45, 19.23, 0.00, 0.00
389, 38.33, 38.33, 0.00, 0.00
390, 38.60, 19.30, 0.00, 0.00
391, 38.31, 19.15, 0.00, 0.00
392, 38.37, 19.19, 0.00, 0.00
393, 38.41, 19.20, 0.00, 0.00
394, 38.48, 19.24, 0.00, 0.00
395, 38.49, 19.25, 0.00, 0.00
396, 38.54, 19.27, 0.00, 0.00
397, 38.41, 19.21, 0.00, 0.00
398, 38.51, 19.25, 0.00, 0.00
399, 38.43, 19.22, 0.00, 0.00
400, 38.55, 19.28, 0.00, 0.00
401, 38.57, 19.28, 0.00, 0.00
402, 37.96, 18.98, 0.00, 0.00
403, 37.91, 18.95, 0.00, 0.00
404, 37.87, 18.93, 0.00, 0.00
405, 38.39, 19.19, 0.00, 0.00
406, 38.67, 19.34, 0.00, 0.00
407, 38.93, 38.93, 0.00, 0.00
408, 39.17, 19.59, 0.00, 0.00
409, 38.98, 19.49, 0.00, 0.00
410, 39.71, 19.85, 0.00, 0.00
411, 39.32, 19.66, 0.00, 0.00
412, 39.68, 19.84, 0.00, 0.00
413, 39.59, 19.79, 0.00, 0.00
414, 39.56, 39.56, 0.00, 0.00
415, 39.46, 19.73, 0.00, 0.00
416, 39.17, 19.59, 0.00, 0.00
417, 38.97, 19.48, 0.00, 0.00
418, 39.43, 19.72, 0.00, 0.00
419, 39.52, 19.76, 0.00, 0.00
420, 38.97, 19.49, 0.00, 0.00
421, 38.89, 19.44, 0.00, 0.00
422, 38.81, 19.41, 0.00, 0.00
423, 39.03, 19.51, 0.00, 0.00
424, 39.19, 19.59, 0.00, 0.00
425, 39.83, 19.91, 0.00, 0.00
426, 39.16, 19.58, 0.00, 0.00
427, 39.62, 19.81, 0.00, 0.00
428, 40.12, 40.12, 0.00, 0.00
429, 39.52, 19.76, 0.00, 0.00
430, 39.84, 19.92, 0.00, 0.00
431, 40.43, 20.21, 0.00, 0.00
432, 40.35, 20.17, 0.00, 0.00
433, 40.61, 20.30, 0.00, 0.00
434, 40.43, 20.21, 0.00, 0.00
435, 40.37, 20.18, 0.00, 0.00
436, 39.65, 19.82, 0.00, 0.00
437, 40.57, 20.28, 0.00, 0.00
438, 39.98, 19.99, 0.00, 0.00
439, 39.75, 19.87, 0.00, 0.00
440, 39.87, 19.94, 0.00, 0.00
441, 39.81, 19.91, 0.00, 0.00
442, 39.72, 19.86, 0.00, 0.00
443, 39.60, 19.80, 0.00, 0.00
444, 39.31, 19.66, 0.00, 0.00
445, 39.82, 19.91, 0.00, 0.00
446, 39.45, 19.72, 0.00, 0.00
447, 39.72, 19.86, 0.00, 0.00
448, 39.71, 19.86, 0.00, 0.00
449, 39.41, 19.71, 0.00, 0.00
450, 39.44, 19.72, 0.00, 0.00
451, 39.44, 19.72, 0.00, 0.00
452, 39.24, 19.62, 0.00, 0.00
453, 39.45, 19.73, 0.00, 0.00
454, 39.29, 19.65, 0.00, 0.00
455, 39.37, 19.68, 0.00, 0.00
456, 38.80, 19.40, 0.00, 0.00
457, 39.54, 19.77, 0.00, 0.00
458, 39.34, 19.67, 0.00, 0.00
459, 39.24, 19.62, 0.00, 0.00
460, 40.22, 20.11, 0.00, 0.00
461, 39.68, 19.84, 0.00, 0.00
462, 40.04, 20.02, 0.00, 0.00
463, 39.33, 19.66, 0.00, 0.00
464, 39.90, 19.95, 0.00, 0.00
465, 40.12, 20.06, 0.00, 0.00
466, 39.66, 19.83, 0.00, 0.00
467, 39.86, 19.93, 0.00, 0.00
468, 39.20, 19.60, 0.00, 0.00
469, 39.41, 19.70, 0.00, 0.00
470, 39.21, 19.60, 0.00, 0.00
471, 39.24, 19.62, 0.00, 0.00
472, 39.23, 19.62, 0.00, 0.00
473, 39.60, 19.80, 0.00, 0.00
474, 39.20, 19.60, 0.00, 0.00
475, 39.13, 19.57, 0.00, 0.00
476, 38.85, 19.43, 0.00, 0.00
477, 38.67, 19.33, 0.00, 0.00
478, 38.67, 19.34, 0.00, 0.00
479, 38.78, 19.39, 0.00, 0.00
480, 38.37, 19.18, 0.00, 0.00
481, 38.38, 19.19, 0.00, 0.00
482, 38.29, 19.14, 0.00, 0.00
483, 38.25, 19.12, 0.00, 0.00
484, 38.15, 19.07, 0.00, 0.00
485, 38.54, 19.27, 0.00, 0.00
486, 37.90, 18.95, 0.00, 0.00
487, 37.99, 19.00, 0.00, 0.00
488, 37.97, 18.99, 0.00, 0.00
489, 38.38, 19.19, 0.00, 0.00
490, 38.39, 19.20, 0.00, 0.00
491, 38.32, 19.16, 0.00, 0.00
492, 40.03, 20.02, 0.00, 0.00
493, 36.85, 18.43, 0.00, 0.00
494, 38.86, 19.43, 0.00, 0.00
495, 37.42, 18.71, 0.00, 0.00
496, 38.17, 19.09, 0.00, 0.00
497, 37.91, 18.95, 0.00, 0.00
498, 37.99, 18.99, 0.00, 0.00
499, 38.23, 19.12, 0.00, 0.00
500, 36.93, 18.47, 0.00, 0.00
501, 37.63, 18.82, 0.00, 0.00
502, 37.90, 18.95, 0.00, 0.00
503, 37.70, 18.85, 0.00, 0.00
504, 37.54, 18.77, 0.00, 0.00
505, 36.97, 18.48, 0.00, 0.00
506, 38.05, 19.03, 0.00, 0.00
507, 37.04, 18.52, 0.00, 0.00
508, 36.88, 18.44, 0.00, 0.00
509, 36.75, 18.37, 0.00, 0.00
510, 37.19, 18.60, 0.00, 0.00
511, 36.38, 18.19, 0.00, 0.00
512, 38.03, 19.02, 0.00, 0.00
513, 35.75, 17.87, 0.00, 0.00
514, 36.68, 18.34, 0.00, 0.00
515, 36.54, 18.27, 0.00, 0.00
516, 36.41, 18.20, 0.00, 0.00
517, 35.79, 17.89, 0.00, 0.00
518, 36.33, 18.17, 0.00, 0.00
519, 36.23, 18.12, 0.00, 0.00
520, 36.59, 18.30, 0.00, 0.00
521, 37.37, 37.37, 0.00, 0.00
522, 36.66, 18.33, 0.00, 0.00
523, 37.61, 18.80, 0.00, 0.00
524, 36.66, 18.33, 0.00, 0.00
525, 37.29, 18.64, 0.00, 0.00
526, 37.35, 18.67, 0.00, 0.00
527, 37.23, 18.61, 0.00, 0.00
528, 37.16, 18.58, 0.00, 0.00
529, 37.00, 18.50, 0.00, 0.00
530, 37.14, 18.57, 0.00, 0.00
531, 36.52, 18.26, 0.00, 0.00
532, 36.68, 18.34, 0.00, 0.00
533, 36.53, 18.27, 0.00, 0.00
534, 36.58, 18.29, 0.00, 0.00
535, 38.18, 19.09, 0.00, 0.00
536, 35.97, 17.99, 0.00, 0.00
537, 37.60, 18.80, 0.00, 0.00
538, 37.80, 18.90, 0.00, 0.00
539, 37.71, 18.85, 0.00, 0.00
540, 37.52, 18.76, 0.00, 0.00
541, 36.96, 18.48, 0.00, 0.00
542, 38.86, 19.43, 0.00, 0.00
543, 35.53, 17.77, 0.00, 0.00
544, 37.12, 18.56, 0.00, 0.00
545, 35.69, 17.85, 0.00, 0.00
546, 36.31, 18.16, 0.00, 0.00
547, 36.33, 18.17, 0.00, 0.00
548, 36.29, 18.14, 0.00, 0.00
549, 35.78, 17.89, 0.00, 0.00
550, 37.17, 37.17, 0.00, 0.00
551, 34.09, 17.05, 0.00, 0.00
552, 35.29, 17.64, 0.00, 0.00
553, 35.56, 17.78, 0.00, 0.00
554, 35.61, 17.81, 0.00, 0.00
555, 35.67, 17.84, 0.00, 0.00
556, 35.10, 17.55, 0.00, 0.00
557, 35.59, 17.80, 0.00, 0.00
558, 36.10, 18.05, 0.00, 0.00
559, 37.22, 18.61, 0.00, 0.00
560, 35.96, 17.98, 0.00, 0.00
561, 36.52, 18.26, 0.00, 0.00
562, 36.86, 18.43, 0.00, 0.00
563, 37.84, 18.92, 0.00, 0.00
564, 35.72, 17.86, 0.00, 0.00
565, 36.83, 18.42, 0.00, 0.00
566, 36.79, 18.39, 0.00, 0.00
567, 36.88, 18.44, 0.00, 0.00
568, 35.49, 17.75, 0.00, 0.00
569, 36.53, 18.26, 0.00, 0.00
570, 36.09, 18.05, 0.00, 0.00
571, 35.00, 17.50, 0.00, 0.00
572, 35.04, 17.52, 0.00, 0.00
573, 34.74, 34.74, 0.00, 0.00
574, 34.18, 17.09, 0.00, 0.00
575, 34.14, 17.07, 0.00, 0.00
576, 34.83, 17.41, 0.00, 0.00
577, 33.72, 16.86, 0.00, 0.00
578, 34.42, 17.21, 0.00, 0.00
579, 36.61, 18.30, 0.00, 0.00
580, 31.86, 15.93, 0.00, 0.00
581, 34.91, 17.45, 0.00, 0.00
582, 33.33, 16.67, 0.00, 0.00
583, 33.67, 16.83, 0.00, 0.00
584, 33.68, 16.84, 0.00, 0.00
585, 33.69, 16.85, 0.00, 0.00
586, 34.04, 17.02, 0.00, 0.00
587, 33.81, 16.90, 0.00, 0.00
588, 33.80, 16.90, 0.00, 0.00
589, 33.59, 16.80, 0.00, 0.00
590, 33.23, 16.62, 0.00, 0.00
591, 33.18, 16.59, 0.00, 0.00
592, 33.55, 16.78, 0.00, 0.00
593, 33.12, 16.56, 0.00, 0.00
594, 33.28, 16.64, 0.00, 0.00
595, 32.89, 16.44, 0.00, 0.00
596, 32.84, 16.42, 0.00, 0.00
597, 33.03, 16.52, 0.00, 0.00
598, 31.68, 15.84, 0.00, 0.00
599, 31.89, 15.94, 0.00, 0.00
600, 31.85, 15.93, 0.00, 0.00
601, 31.21, 15.61, 0.00, 0.00
602, 31.16, 15.58, 0.00, 0.00
603, 31.33, 15.67, 0.00, 0.00
604, 31.49, 15.75, 0.00, 0.00
605, 31.47, 15.74, 0.00, 0.00
606, 31.47, 15.73, 0.00, 0.00
607, 31.60, 15.80, 0.00, 0.00
608, 31.72, 15.86, 0.00, 0.00
609, 31.85, 15.93, 0.00, 0.00
610, 32.04, 16.02, 0.00, 0.00
611, 32.25, 16.13, 0.00, 0.00
612, 32.65, 16.33, 0.00, 0.00
613, 33.07, 16.53, 0.00, 0.00
614, 33.62, 16.81, 0.00, 0.00
615, 34.04, 17.02, 0.00, 0.00
616, 34.28, 17.14, 0.00, 0.00
617, 35.24, 17.62, 0.00, 0.00
618, 35.17, 17.59, 0.00, 0.00
619, 34.70, 17.35, 0.00, 0.00
620, 35.81, 17.91, 0.00, 0.00
621, 34.91, 17.45, 0.00, 0.00
622, 35.24, 17.62, 0.00, 0.00
623, 35.20, 17.60, 0.00, 0.00
624, 35.66, 17.83, 0.00, 0.00
625, 35.21, 17.60, 0.00, 0.00
626, 35.27, 17.64, 0.00, 0.00
627, 34.85, 17.42, 0.00, 0.00
628, 34.98, 17.49, 0.00, 0.00
629, 34.95, 17.47, 0.00, 0.00
630, 34.67, 17.33, 0.00, 0.00
631, 34.32, 17.16, 0.00, 0.00
632, 33.72, 16.86, 0.00, 0.00
633, 33.82, 16.91, 0.00, 0.00
634, 33.48, 16.74, 0.00, 0.00
635, 33.61, 16.80, 0.00, 0.00
636, 33.59, 16.80, 0.00, 0.00
637, 33.51, 16.76, 0.00, 0.00
638, 33.21, 16.60, 0.00, 0.00
639, 33.44, 16.72, 0.00, 0.00
640, 32.49, 16.25, 0.00, 0.00
641, 32.91, 16.45, 0.00, 0.00
642, 32.68, 16.34, 0.00, 0.00
643, 33.30, 16.65, 0.00, 0.00
644, 32.67, 16.33, 0.00, 0.00
645, 31.30, 15.65, 0.00, 0.00
646, 32.33, 16.16, 0.00, 0.00
647, 31.70, 15.85, 0.00, 0.00
648, 31.99, 16.00, 0.00, 0.00
649, 31.69, 15.84, 0.00, 0.00
650, 31.98, 15.99, 0.00, 0.00
651, 31.97, 15.99, 0.00, 0.00
652, 32.03, 16.01, 0.00, 0.00
653, 31.95, 15.97, 0.00, 0.00
654, 32.35, 16.18, 0.00, 0.00
655, 32.08, 16.04, 0.00, 0.00
656, 32.68, 16.34, 0.00, 0.00
657, 31.99, 15.99, 0.00, 0.00
658, 32.47, 16.24, 0.00, 0.00
659, 32.91, 32.91, 0.00, 0.00
660, 32.62, 32.62, 0.00, 0.00
661, 32.68, 16.34, 0.00, 0.00
662, 32.89, 16.45, 0.00, 0.00
663, 33.88, 16.94, 0.00, 0.00
664, 31.57, 15.78, 0.00, 0.00
665, 33.23, 16.61, 0.00, 0.00
666, 32.33, 16.16, 0.00, 0.00
667, 31.92, 15.96, 0.00, 0.00
668, 32.33, 16.16, 0.00, 0.00
669, 32.42, 16.21, 0.00, 0.00
670, 32.49, 16.25, 0.00, 0.00
671, 33.01, 16.51, 0.00, 0.00
672, 32.50, 16.25, 0.00, 0.00
673, 32.80, 16.40, 0.00, 0.00
674, 33.08, 33.08, 0.00, 0.00
675, 33.34, 16.67, 0.00, 0.00
676, 33.37, 16.69, 0.00, 0.00
677, 33.95, 16.97, 0.00, 0.00
678, 33.70, 16.85, 0.00, 0.00
679, 34.22, 17.11, 0.00, 0.00
680, 35.79, 17.90, 0.00, 0.00
681, 33.20, 16.60, 0.00, 0.00
682, 34.88, 17.44, 0.00, 0.00
683, 34.37, 17.19, 0.00, 0.00
684, 33.82, 16.91, 0.00, 0.00
685, 34.92, 17.46, 0.00, 0.00
686, 34.08, 17.04, 0.00, 0.00
687, 34.22, 17.11, 0.00, 0.00
688, 34.21, 17.11, 0.00, 0.00
689, 33.94, 16.97, 0.00, 0.00
690, 33.98, 16.99, 0.00, 0.00
691, 35.20, 17.60, 0.00, 0.00
692, 32.61, 16.30, 0.00, 0.00
693, 34.64, 17.32, 0.00, 0.00
694, 33.79, 16.90, 0.00, 0.00
695, 34.64, 17.32, 0.00, 0.00
696, 35.26, 17.63, 0.00, 0.00
697, 35.79, 17.90, 0.00, 0.00
698, 36.22, 18.11, 0.00, 0.00
699, 36.60, 18.30, 0.00, 0.00
700, 37.56, 18.78, 0.00, 0.00
701, 35.53, 17.76, 0.00, 0.00
702, 36.80, 18.40, 0.00, 0.00
703, 36.22, 18.11, 0.00, 0.00
704, 36.32, 18.16, 0.00, 0.00
705, 37.60, 18.80, 0.00, 0.00
706, 34.61, 17.31, 0.00, 0.00
707, 35.97, 17.99, 0.00, 0.00
708, 35.83, 17.92, 0.00, 0.00
709, 36.32, 18.16, 0.00, 0.00
710, 34.97, 17.49, 0.00, 0.00
711, 35.66, 17.83, 0.00, 0.00
712, 35.84, 17.92, 0.00, 0.00
713, 35.87, 17.93, 0.00, 0.00
714, 36.06, 18.03, 0.00, 0.00
715, 36.31, 18.15, 0.00, 0.00
716, 35.81, 17.91, 0.00, 0.00
717, 36.03, 18.02, 0.00, 0.00
718, 35.50, 17.75, 0.00, 0.00
719, 35.93, 17.97, 0.00, 0.00
720, 34.19, 17.10, 0.00, 0.00
721, 34.57, 17.29, 0.00, 0.00
722, 34.34, 17.17, 0.00, 0.00
723, 34.81, 17.41, 0.00, 0.00
724, 34.00, 17.00, 0.00, 0.00
725, 34.73, 17.37, 0.00, 0.00
726, 33.92, 16.96, 0.00, 0.00
727, 34.78, 17.39, 0.00, 0.00
728, 34.45, 17.23, 0.00, 0.00
729, 34.95, 17.48, 0.00, 0.00
730, 34.79, 17.39, 0.00, 0.00
731, 34.46, 17.23, 0.00, 0.00
732, 34.94, 17.47, 0.00, 0.00
733, 35.89, 35.89, 0.00, 0.00
734, 34.66, 17.33, 0.00, 0.00
735, 35.15, 17.57, 0.00, 0.00
736, 35.09, 17.54, 0.00, 0.00
737, 37.88, 18.94, 0.00, 0.00
738, 32.65, 16.33, 0.00, 0.00
739, 35.08, 17.54, 0.00, 0.00
740, 34.93, 17.47, 0.00, 0.00
741, 34.95, 17.47, 0.00, 0.00
742, 34.47, 17.24, 0.00, 0.00
743, 34.13, 17.07, 0.00, 0.00
744, 33.87, 16.93, 0.00, 0.00
745, 34.04, 34.04, 0.00, 0.00
746, 33.45, 16.73, 0.00, 0.00
747, 33.32, 16.66, 0.00, 0.00
748, 33.25, 16.62, 0.00, 0.00
749, 33.15, 16.57, 0.00, 0.00
750, 33.19, 16.59, 0.00, 0.00
751, 33.40, 16.70, 0.00, 0.00
752, 33.43, 16.72, 0.00, 0.00
753, 33.71, 16.85, 0.00, 0.00
754, 32.90, 16.45, 0.00, 0.00
755, 33.30, 16.65, 0.00, 0.00
756, 34.83, 17.42, 0.00, 0.00
757, 31.81, 15.90, 0.00, 0.00
758, 33.76, 16.88, 0.00, 0.00
759, 34.11, 17.06, 0.00, 0.00
760, 33.56, 16.78, 0.00, 0.00
761, 34.49, 17.25, 0.00, 0.00
762, 32.87, 16.44, 0.00, 0.00
763, 34.08, 17.04, 0.00, 0.00
764, 33.39, 16.70, 0.00, 0.00
765, 33.67, 16.84, 0.00, 0.00
766, 33.57, 16.79, 0.00, 0.00
767, 33.73, 16.87, 0.00, 0.00
768, 33.55, 16.78, 0.00, 0.00
769, 33.56, 16.78, 0.00, 0.00
770, 33.51, 33.51, 0.00, 0.00
771, 33.43, 16.72, 0.00, 0.00
772, 33.46, 16.73, 0.00, 0.00
773, 33.50, 16.75, 0.00, 0.00
774, 33.19, 16.59, 0.00, 0.00
775, 33.39, 16.70, 0.00, 0.00
776, 35.61, 17.81, 0.00, 0.00
777, 30.53, 15.27, 0.00, 0.00
778, 33.20, 16.60, 0.00, 0.00
779, 33.64, 16.82, 0.00, 0.00
780, 32.77, 16.38, 0.00, 0.00
781, 33.46, 16.73, 0.00, 0.00
782, 33.52, 16.76, 0.00, 0.00
783, 35.29, 17.65, 0.00, 0.00
784, 31.88, 15.94, 0.00, 0.00
785, 33.76, 16.88, 0.00, 0.00
786, 35.17, 17.58, 0.00, 0.00
787, 32.77, 16.38, 0.00, 0.00
788, 34.26, 17.13, 0.00, 0.00
789, 33.67, 16.83, 0.00, 0.00
790, 34.04, 17.02, 0.00, 0.00
791, 33.98, 16.99, 0.00, 0.00
792, 33.83, 16.92, 0.00, 0.00
793, 33.84, 16.92, 0.00, 0.00
794, 33.97, 16.99, 0.00, 0.00
795, 33.97, 16.98, 0.00, 0.00
796, 33.65, 16.82, 0.00, 0.00
797, 33.62, 16.81, 0.00, 0.00
798, 33.61, 16.81, 0.00, 0.00
799, 33.56, 16.78, 0.00, 0.00
800, 33.74, 16.87, 0.00, 0.00
801, 33.52, 16.76, 0.00, 0.00
802, 34.54, 17.27, 0.00, 0.00
803, 32.41, 16.20, 0.00, 0.00
804, 33.65, 16.82, 0.00, 0.00
805, 33.46, 16.73, 0.00, 0.00
806, 33.61, 16.80, 0.00, 0.00
807, 33.31, 16.66, 0.00, 0.00
808, 32.88, 16.44, 0.00, 0.00
809, 33.84, 16.92, 0.00, 0.00
810, 33.74, 16.87, 0.00, 0.00
811, 33.36, 16.68, 0.00, 0.00
812, 33.69, 16.85, 0.00, 0.00
813, 33.85, 33.85, 0.00, 0.00
814, 33.40, 16.70, 0.00, 0.00
815, 33.32, 16.66, 0.00, 0.00
816, 33.26, 16.63, 0.00, 0.00
817, 33.28, 33.28, 0.00, 0.00
818, 33.36, 16.68, 0.00, 0.00
819, 33.53, 16.76, 0.00, 0.00
820, 33.64, 16.82, 0.00, 0.00
821, 33.51, 16.76, 0.00, 0.00
822, 33.88, 33.88, 0.00, 0.00
823, 33.32, 16.66, 0.00, 0.00
824, 33.66, 16.83, 0.00, 0.00
825, 33.35, 16.68, 0.00, 0.00
826, 33.59, 16.79, 0.00, 0.00
827, 33.21, 16.60, 0.00, 0.00
828, 33.44, 16.72, 0.00, 0.00
829, 33.52, 16.76, 0.00, 0.00
830, 33.75, 16.87, 0.00, 0.00
831, 33.92, 16.96, 0.00, 0.00
832, 33.16, 16.58, 0.00, 0.00
833, 33.56, 16.78, 0.00, 0.00
834, 33.45, 16.73, 0.00, 0.00
835, 34.08, 17.04, 0.00, 0.00
836, 33.47, 16.73, 0.00, 0.00
837, 34.37, 17.18, 0.00, 0.00
838, 32.94, 16.47, 0.00, 0.00
839, 33.79, 16.90, 0.00, 0.00
840, 33.52, 16.76, 0.00, 0.00
841, 33.70, 16.85, 0.00, 0.00
842, 33.33, 16.67, 0.00, 0.00
843, 33.39, 16.70, 0.00, 0.00
844, 33.15, 16.58, 0.00, 0.00
845, 33.31, 16.65, 0.00, 0.00
846, 33.07, 16.53, 0.00, 0.00
847, 33.23, 16.62, 0.00, 0.00
848, 33.31, 16.66, 0.00, 0.00
849, 34.76, 17.38, 0.00, 0.00
850, 31.58, 15.79, 0.00, 0.00
851, 33.35, 16.67, 0.00, 0.00
852, 33.43, 16.71, 0.00, 0.00
853, 33.53, 16.76, 0.00, 0.00
854, 33.04, 16.52, 0.00, 0.00
855, 33.05, 16.53, 0.00, 0.00
856, 33.48, 16.74, 0.00, 0.00
857, 33.48, 16.74, 0.00, 0.00
858, 33.30, 16.65, 0.00, 0.00
859, 33.90, 16.95, 0.00, 0.00
860, 32.97, 16.48, 0.00, 0.00
861, 33.06, 16.53, 0.00, 0.00
862, 33.11, 16.55, 0.00, 0.00
863, 33.39, 16.70, 0.00, 0.00
864, 33.54, 16.77, 0.00, 0.00
865, 32.98, 16.49, 0.00, 0.00
866, 32.74, 16.37, 0.00, 0.00
867, 32.83, 16.41, 0.00, 0.00
868, 33.20, 16.60, 0.00, 0.00
869, 33.45, 33.45, 0.00, 0.00
870, 33.29, 16.64, 0.00, 0.00
871, 33.07, 16.53, 0.00, 0.00
872, 33.21, 16.61, 0.00, 0.00
873, 32.76, 16.38, 0.00, 0.00
874, 32.79, 16.40, 0.00, 0.00
875, 32.71, 16.36, 0.00, 0.00
876, 32.98, 32.98, 0.00, 0.00
877, 32.10, 16.05, 0.00, 0.00
878, 32.41, 16.21, 0.00, 0.00
879, 32.41, 16.20, 0.00, 0.00
880, 32.19, 16.09, 0.00, 0.00
881, 32.44, 16.22, 0.00, 0.00
882, 32.72, 16.36, 0.00, 0.00
883, 32.99, 16.50, 0.00, 0.00
884, 32.64, 16.32, 0.00, 0.00
885, 32.78, 16.39, 0.00, 0.00
886, 32.83, 16.42, 0.00, 0.00
887, 32.83, 16.42, 0.00, 0.00
888, 32.60, 16.30, 0.00, 0.00
889, 33.52, 16.76, 0.00, 0.00
890, 30.89, 15.44, 0.00, 0.00
891, 32.85, 16.43, 0.00, 0.00
892, 32.79, 16.39, 0.00, 0.00
893, 33.10, 16.55, 0.00, 0.00
894, 34.15, 17.08, 0.00, 0.00
895, 30.52, 15.26, 0.00, 0.00
896, 33.35, 16.68, 0.00, 0.00
897, 32.74, 16.37, 0.00, 0.00
898, 33.12, 33.12, 0.00, 0.00
899, 33.19, 16.59, 0.00, 0.00
900, 32.93, 16.47, 0.00, 0.00
901, 32.73, 16.36, 0.00, 0.00
902, 32.81, 16.40, 0.00, 0.00
903, 32.46, 16.23, 0.00, 0.00
904, 32.41, 16.20, 0.00, 0.00
905, 32.37, 16.19, 0.00, 0.00
906, 32.84, 16.42, 0.00, 0.00
907, 32.75, 16.38, 0.00, 0.00
908, 32.74, 16.37, 0.00, 0.00
909, 33.01, 16.50, 0.00, 0.00
910, 32.98, 16.49, 0.00, 0.00
911, 32.60, 16.30, 0.00, 0.00
912, 32.84, 16.42, 0.00, 0.00
913, 32.81, 16.40, 0.00, 0.00
914, 32.78, 16.39, 0.00, 0.00
915, 35.10, 17.55, 0.00, 0.00
916, 30.72, 15.36, 0.00, 0.00
917, 33.09, 33.09, 0.00, 0.00
918, 32.95, 16.48, 0.00, 0.00
919, 33.11, 16.56, 0.00, 0.00
920, 32.36, 16.18, 0.00, 0.00
921, 35.41, 17.71, 0.00, 0.00
922, 29.41, 14.71, 0.00, 0.00
923, 32.49, 16.24, 0.00, 0.00
924, 32.57, 16.29, 0.00, 0.00
925, 33.06, 16.53, 0.00, 0.00
926, 32.37, 16.19, 0.00, 0.00
927, 32.80, 16.40, 0.00, 0.00
928, 33.92, 16.96, 0.00, 0.00
929, 32.02, 16.01, 0.00, 0.00
930, 32.93, 16.47, 0.00, 0.00
931, 33.01, 16.51, 0.00, 0.00
932, 32.92, 16.46, 0.00, 0.00
933, 32.92, 32.92, 0.00, 0.00
934, 32.76, 16.38, 0.00, 0.00
935, 32.49, 16.25, 0.00, 0.00
936, 32.64, 16.32, 0.00, 0.00
937, 32.65, 16.32, 0.00, 0.00
938, 32.63, 16.31, 0.00, 0.00
939, 32.83, 16.42, 0.00, 0.00
940, 32.85, 16.43, 0.00, 0.00
941, 32.79, 16.40, 0.00, 0.00
942, 32.88, 16.44, 0.00, 0.00
943, 32.81, 16.41, 0.00, 0.00
944, 33.30, 16.65, 0.00, 0.00
945, 32.28, 16.14, 0.00, 0.00
946, 33.04, 16.52, 0.00, 0.00
947, 33.47, 16.74, 0.00, 0.00
948, 31.33, 15.67, 0.00, 0.00
949, 32.58, 16.29, 0.00, 0.00
950, 32.60, 16.30, 0.00, 0.00
951, 32.65, 32.65, 0.00, 0.00
952, 32.60, 16.30, 0.00, 0.00
953, 33.10, 16.55, 0.00, 0.00
954, 33.35, 16.67, 0.00, 0.00
955, 34.16, 34.16, 0.00, 0.00
956, 34.49, 17.25, 0.00, 0.00
957, 34.64, 17.32, 0.00, 0.00
958, 34.87, 34.87, 0.00, 0.00
959, 34.64, 17.32, 0.00, 0.00
960, 34.50, 17.25, 0.00, 0.00
961, 34.32, 17.16, 0.00, 0.00
962, 34.21, 17.10, 0.00, 0.00
963, 33.96, 16.98, 0.00, 0.00
964, 33.46, 16.73, 0.00, 0.00
965, 33.83, 16.92, 0.00, 0.00
966, 34.26, 17.13, 0.00, 0.00
967, 31.87, 31.87, 0.00, 0.00
968, 33.20, 16.60, 0.00, 0.00
969, 32.93, 16.47, 0.00, 0.00
970, 33.22, 16.61, 0.00, 0.00
971, 33.21, 16.60, 0.00, 0.00
972, 32.73, 16.37, 0.00, 0.00
973, 32.97, 16.49, 0.00, 0.00
974, 33.28, 16.64, 0.00, 0.00
975, 33.45, 16.72, 0.00, 0.00
976, 33.25, 16.63, 0.00, 0.00
977, 32.89, 16.44, 0.00, 0.00
978, 34.52, 17.26, 0.00, 0.00
979, 33.83, 16.92, 0.00, 0.00
980, 34.18, 17.09, 0.00, 0.00
981, 34.42, 17.21, 0.00, 0.00
982, 34.04, 17.02, 0.00, 0.00
983, 35.29, 17.65, 0.00, 0.00
984, 33.78, 16.89, 0.00, 0.00
985, 34.33, 17.17, 0.00, 0.00
986, 34.49, 17.25, 0.00, 0.00
987, 34.74, 17.37, 0.00, 0.00
988, 34.94, 17.47, 0.00, 0.00
989, 34.27, 17.13, 0.00, 0.00
990, 34.90, 17.45, 0.00, 0.00
991, 34.87, 17.43, 0.00, 0.00
992, 34.98, 17.49, 0.00, 0.00
993, 35.07, 35.07, 0.00, 0.00
994, 34.89, 34.89, 0.00, 0.00
995, 35.19, 35.19, 0.00, 0.00
996, 34.98, 17.49, 0.00, 0.00
997, 35.50, 17.75, 0.00, 0.00
998, 34.67, 17.33, 0.00, 0.00
999, 35.24, 35.24, 0.00, 0.00
1000, 35.45, 17.73, 0.00, 0.00
1001, 35.85, 35.85, 0.00, 0.00
1002, 35.63, 17.81, 0.00, 0.00
1003, 34.68, 17.34, 0.00, 0.00
1004, 35.83, 17.92, 0.00, 0.00
1005, 35.51, 17.76, 0.00, 0.00
1006, 35.63, 17.81, 0.00, 0.00
1007, 35.03, 17.51, 0.00, 0.00
1008, 35.28, 17.64, 0.00, 0.00
1009, 35.23, 17.62, 0.00, 0.00
1010, 36.51, 18.25, 0.00, 0.00
1011, 33.80, 16.90, 0.00, 0.00
1012, 35.67, 17.83, 0.00, 0.00
1013, 36.91, 18.45, 0.00, 0.00
1014, 34.03, 17.02, 0.00, 0.00
1015, 35.24, 17.62, 0.00, 0.00
1016, 35.59, 17.79, 0.00, 0.00
1017, 36.07, 18.03, 0.00, 0.00
1018, 36.71, 18.35, 0.00, 0.00
1019, 36.91, 18.45, 0.00, 0.00
1020, 37.03, 18.51, 0.00, 0.00
1021, 37.39, 18.69, 0.00, 0.00
1022, 37.80, 18.90, 0.00, 0.00
1023, 36.60, 18.30, 0.00, 0.00
1024, 37.32, 18.66, 0.00, 0.00
1025, 37.25, 18.62, 0.00, 0.00
1026, 37.47, 18.73, 0.00, 0.00
1027, 37.69, 18.84, 0.00, 0.00
1028, 37.59, 18.79, 0.00, 0.00
1029, 37.63, 18.81, 0.00, 0.00
1030, 37.65, 18.83, 0.00, 0.00
1031, 38.35, 19.17, 0.00, 0.00
1032, 36.49, 18.25, 0.00, 0.00
1033, 37.16, 18.58, 0.00, 0.00
1034, 37.07, 18.53, 0.00, 0.00
1035, 36.54, 18.27, 0.00, 0.00
1036, 36.15, 18.07, 0.00, 0.00
1037, 35.79, 17.90, 0.00, 0.00
1038, 35.74, 17.87, 0.00, 0.00
1039, 35.48, 17.74, 0.00, 0.00
1040, 34.86, 17.43, 0.00, 0.00
1041, 34.97, 34.97, 0.00, 0.00
1042, 34.72, 17.36, 0.00, 0.00
1043, 34.20, 17.10, 0.00, 0.00
1044, 33.64, 16.82, 0.00, 0.00
1045, 33.48, 16.74, 0.00, 0.00
1046, 32.92, 16.46, 0.00, 0.00
1047, 32.64, 32.64, 0.00, 0.00
1048, 32.67, 16.34, 0.00, 0.00
1049, 32.43, 16.22, 0.00, 0.00
1050, 32.59, 16.30, 0.00, 0.00
1051, 32.65, 16.33, 0.00, 0.00
1052, 32.67, 16.34, 0.00, 0.00
1053, 32.60, 16.30, 0.00, 0.00
1054, 32.60, 32.60, 0.00, 0.00
1055, 32.70, 16.35, 0.00, 0.00
1056, 33.01, 16.50, 0.00, 0.00
1057, 32.62, 16.31, 0.00, 0.00
1058, 33.10, 16.55, 0.00, 0.00
1059, 32.84, 16.42, 0.00, 0.00
1060, 32.06, 16.03, 0.00, 0.00
1061, 32.31, 16.16, 0.00, 0.00
1062, 33.72, 16.86, 0.00, 0.00
1063, 30.94, 15.47, 0.00, 0.00
1064, 32.21, 16.11, 0.00, 0.00
1065, 32.43, 16.22, 0.00, 0.00
1066, 31.74, 15.87, 0.00, 0.00
1067, 32.12, 16.06, 0.00, 0.00
1068, 31.61, 15.80, 0.00, 0.00
1069, 32.05, 16.02, 0.00, 0.00
1070, 31.52, 15.76, 0.00, 0.00
1071, 32.15, 16.07, 0.00, 0.00
1072, 33.53, 16.76, 0.00, 0.00
1073, 30.55, 30.55, 0.00, 0.00
1074, 32.53, 16.26, 0.00, 0.00
1075, 32.57, 16.28, 0.00, 0.00
1076, 32.49, 16.24, 0.00, 0.00
1077, 32.27, 16.14, 0.00, 0.00
1078, 32.06, 16.03, 0.00, 0.00
1079, 32.21, 16.10, 0.00, 0.00
1080, 32.51, 16.25, 0.00, 0.00
1081, 32.17, 16.08, 0.00, 0.00
1082, 32.18, 16.09, 0.00, 0.00
1083, 32.61, 16.30, 0.00, 0.00
1084, 31.83, 15.92, 0.00, 0.00
1085, 33.23, 16.61, 0.00, 0.00
1086, 32.56, 16.28, 0.00, 0.00
1087, 33.14, 16.57, 0.00, 0.00
1088, 33.48, 16.74, 0.00, 0.00
1089, 34.18, 17.09, 0.00, 0.00
1090, 33.15, 16.57, 0.00, 0.00
1091, 33.80, 16.90, 0.00, 0.00
1092, 33.56, 16.78, 0.00, 0.00
1093, 33.53, 16.76, 0.00, 0.00
1094, 33.25, 16.63, 0.00, 0.00
1095, 33.61, 16.81, 0.00, 0.00
1096, 32.79, 16.40, 0.00, 0.00
1097, 34.44, 17.22, 0.00, 0.00
1098, 30.90, 15.45, 0.00, 0.00
1099, 32.27, 16.14, 0.00, 0.00
1100, 32.03, 16.01, 0.00, 0.00
1101, 32.00, 16.00, 0.00, 0.00
1102, 31.89, 15.95, 0.00, 0.00
1103, 31.52, 15.76, 0.00, 0.00
1104, 31.82, 15.91, 0.00, 0.00
1105, 31.42, 15.71, 0.00, 0.00
1106, 31.82, 15.91, 0.00, 0.00
1107, 31.31, 15.65, 0.00, 0.00
1108, 31.86, 15.93, 0.00, 0.00
1109, 31.39, 31.39, 0.00, 0.00
1110, 31.58, 31.58, 0.00, 0.00
1111, 31.60, 15.80, 0.00, 0.00
1112, 31.59, 15.79, 0.00, 0.00
1113, 31.81, 15.91, 0.00, 0.00
1114, 31.77, 15.88, 0.00, 0.00
1115, 32.85, 16.43, 0.00, 0.00
1116, 31.10, 31.10, 0.00, 0.00
1117, 31.85, 15.92, 0.00, 0.00
1118, 32.18, 16.09, 0.00, 0.00
1119, 32.11, 16.06, 0.00, 0.00
1120, 32.33, 16.17, 0.00, 0.00
1121, 32.59, 16.30, 0.00, 0.00
1122, 32.47, 16.23, 0.00, 0.00
1123, 34.51, 17.25, 0.00, 0.00
1124, 31.35, 15.68, 0.00, 0.00
1125, 33.46, 16.73, 0.00, 0.00
1126, 31.58, 31.58, 0.00, 0.00
1127, 31.84, 31.84, 0.00, 0.00
1128, 32.18, 16.09, 0.00, 0.00
1129, 32.01, 16.01, 0.00, 0.00
1130, 32.01, 16.01, 0.00, 0.00
1131, 31.97, 15.99, 0.00, 0.00
1132, 32.83, 16.42, 0.00, 0.00
1133, 31.67, 15.84, 0.00, 0.00
1134, 32.66, 16.33, 0.00, 0.00
1135, 32.15, 16.08, 0.00, 0.00
1136, 32.24, 16.12, 0.00, 0.00
1137, 30.99, 30.99, 0.00, 0.00
1138, 31.83, 15.92, 0.00, 0.00
1139, 31.29, 15.65, 0.00, 0.00
1140, 31.67, 15.84, 0.00, 0.00
1141, 31.67, 15.83, 0.00, 0.00
1142, 31.02, 15.51, 0.00, 0.00
1143, 31.56, 15.78, 0.00, 0.00
1144, 31.65, 15.82, 0.00, 0.00
1145, 31.27, 15.64, 0.00, 0.00
1146, 31.50, 15.75, 0.00, 0.00
1147, 32.83, 16.42, 0.00, 0.00
1148, 30.48, 30.48, 0.00, 0.00
1149, 30.99, 15.50, 0.00, 0.00
1150, 32.28, 16.14, 0.00, 0.00
1151, 30.33, 15.16, 0.00, 0.00
1152, 31.22, 15.61, 0.00, 0.00
1153, 31.48, 15.74, 0.00, 0.00
1154, 32.19, 16.10, 0.00, 0.00
1155, 31.03, 15.51, 0.00, 0.00
1156, 32.42, 16.21, 0.00, 0.00
1157, 31.77, 31.77, 0.00, 0.00
1158, 31.29, 31.29, 0.00, 0.00
1159, 32.11, 16.06, 0.00, 0.00
1160, 32.40, 16.20, 0.00, 0.00
1161, 32.61, 16.30, 0.00, 0.00
1162, 32.64, 16.32, 0.00, 0.00
1163, 32.72, 16.36, 0.00, 0.00
1164, 32.72, 16.36, 0.00, 0.00
1165, 32.47, 16.24, 0.00, 0.00
1166, 32.82, 16.41, 0.00, 0.00
1167, 32.82, 16.41, 0.00, 0.00
1168, 33.08, 16.54, 0.00, 0.00
1169, 32.95, 16.47, 0.00, 0.00
1170, 33.25, 33.25, 0.00, 0.00
1171, 33.22, 16.61, 0.00, 0.00
1172, 33.42, 16.71, 0.00, 0.00
1173, 33.36, 16.68, 0.00, 0.00
1174, 33.08, 16.54, 0.00, 0.00
1175, 33.93, 16.97, 0.00, 0.00
1176, 33.66, 33.66, 0.00, 0.00
1177, 34.25, 17.13, 0.00, 0.00
1178, 33.90, 33.90, 0.00, 0.00
1179, 34.71, 17.36, 0.00, 0.00
1180, 34.33, 17.17, 0.00, 0.00
1181, 34.40, 17.20, 0.00, 0.00
1182, 34.64, 17.32, 0.00, 0.00
1183, 34.53, 34.53, 0.00, 0.00
1184, 34.39, 17.19, 0.00, 0.00
1185, 34.55, 34.55, 0.00, 0.00
1186, 34.19, 17.10, 0.00, 0.00
1187, 34.30, 17.15, 0.00, 0.00
1188, 34.47, 17.24, 0.00, 0.00
1189, 34.38, 17.19, 0.00, 0.00
1190, 34.45, 34.45, 0.00, 0.00
1191, 34.70, 17.35, 0.00, 0.00
1192, 34.10, 17.05, 0.00, 0.00
1193, 34.12, 17.06, 0.00, 0.00
1194, 34.35, 17.17, 0.00, 0.00
1195, 33.96, 33.96, 0.00, 0.00
1196, 34.13, 34.13, 0.00, 0.00
1197, 33.91, 16.95, 0.00, 0.00
1198, 34.64, 34.64, 0.00, 0.00
1199, 34.26, 34.26, 0.00, 0.00
1200, 34.30, 17.15, 0.00, 0.00
1201, 34.43, 17.22, 0.00, 0.00
1202, 34.18, 17.09, 0.00, 0.00
1203, 34.60, 34.60, 0.00, 0.00
1204, 34.42, 17.21, 0.00, 0.00
1205, 35.08, 17.54, 0.00, 0.00
1206, 34.69, 17.35, 0.00, 0.00
1207, 35.83, 35.83, 0.00, 0.00
1208, 34.97, 17.49, 0.00, 0.00
1209, 36.04, 36.04, 0.00, 0.00
1210, 35.84, 17.92, 0.00, 0.00
1211, 36.47, 36.47, 0.00, 0.00
1212, 36.02, 18.01, 0.00, 0.00
1213, 36.05, 36.05, 0.00, 0.00
1214, 36.50, 36.50, 0.00, 0.00
1215, 36.80, 18.40, 0.00, 0.00
1216, 36.91, 36.91, 0.00, 0.00
1217, 36.28, 18.14, 0.00, 0.00
1218, 36.26, 18.13, 0.00, 0.00
1219, 36.94, 18.47, 0.00, 0.00
1220, 36.49, 18.24, 0.00, 0.00
1221, 36.28, 18.14, 0.00, 0.00
1222, 37.12, 37.12, 0.00, 0.00
1223, 36.50, 18.25, 0.00, 0.00
1224, 36.64, 36.64, 0.00, 0.00
1225, 36.65, 18.32, 0.00, 0.00
1226, 36.21, 18.11, 0.00, 0.00
1227, 35.88, 17.94, 0.00, 0.00
1228, 35.52, 17.76, 0.00, 0.00
1229, 35.94, 17.97, 0.00, 0.00
1230, 36.44, 36.44, 0.00, 0.00
1231, 36.20, 18.10, 0.00, 0.00
1232, 36.36, 18.18, 0.00, 0.00
1233, 36.33, 18.17, 0.00, 0.00
1234, 36.02, 18.01, 0.00, 0.00
1235, 35.90, 17.95, 0.00, 0.00
1236, 35.53, 17.76, 0.00, 0.00
1237, 35.50, 17.75, 0.00, 0.00
1238, 35.52, 17.76, 0.00, 0.00
1239, 35.85, 35.85, 0.00, 0.00
1240, 36.02, 18.01, 0.00, 0.00
1241, 35.05, 17.52, 0.00, 0.00
1242, 35.01, 17.50, 0.00, 0.00
1243, 34.59, 17.30, 0.00, 0.00
1244, 34.55, 17.28, 0.00, 0.00
1245, 34.69, 34.69, 0.00, 0.00
1246, 33.78, 16.89, 0.00, 0.00
1247, 34.95, 34.95, 0.00, 0.00
1248, 34.22, 17.11, 0.00, 0.00
1249, 35.52, 35.52, 0.00, 0.00
1250, 35.32, 17.66, 0.00, 0.00
1251, 35.64, 17.82, 0.00, 0.00
1252, 35.85, 17.93, 0.00, 0.00
1253, 35.75, 17.88, 0.00, 0.00
1254, 35.72, 17.86, 0.00, 0.00
1255, 35.52, 17.76, 0.00, 0.00
1256, 35.62, 35.62, 0.00, 0.00
1257, 34.95, 17.48, 0.00, 0.00
1258, 35.28, 35.28, 0.00, 0.00
1259, 35.09, 35.09, 0.00, 0.00
1260, 34.96, 34.96, 0.00, 0.00
1261, 34.13, 34.13, 0.00, 0.00
1262, 34.48, 34.48, 0.00, 0.00
1263, 34.18, 34.18, 0.00, 0.00
1264, 34.67, 17.33, 0.00, 0.00
1265, 34.81, 17.40, 0.00, 0.00
1266, 34.74, 17.37, 0.00, 0.00
1267, 34.92, 17.46, 0.00, 0.00
1268, 35.58, 17.79, 0.00, 0.00
1269, 36.19, 18.10, 0.00, 0.00
1270, 35.58, 17.79, 0.00, 0.00
1271, 35.60, 17.80, 0.00, 0.00
1272, 36.10, 18.05, 0.00, 0.00
1273, 35.17, 35.17, 0.00, 0.00
1274, 35.54, 17.77, 0.00, 0.00
1275, 34.51, 17.25, 0.00, 0.00
1276, 35.40, 17.70, 0.00, 0.00
1277, 33.04, 16.52, 0.00, 0.00
1278, 33.72, 16.86, 0.00, 0.00
1279, 33.89, 33.89, 0.00, 0.00
1280, 33.30, 16.65, 0.00, 0.00
1281, 33.41, 16.70, 0.00, 0.00
1282, 33.51, 16.75, 0.00, 0.00
1283, 33.94, 16.97, 0.00, 0.00
1284, 34.15, 17.08, 0.00, 0.00
1285, 34.25, 34.25, 0.00, 0.00
1286, 34.16, 17.08, 0.00, 0.00
1287, 33.92, 16.96, 0.00, 0.00
1288, 34.01, 17.00, 0.00, 0.00
1289, 34.03, 17.02, 0.00, 0.00
1290, 33.88, 33.88, 0.00, 0.00
1291, 33.97, 16.98, 0.00, 0.00
1292, 33.64, 16.82, 0.00, 0.00
1293, 33.24, 16.62, 0.00, 0.00
1294, 33.11, 16.55, 0.00, 0.00
1295, 33.32, 16.66, 0.00, 0.00
1296, 33.28, 16.64, 0.00, 0.00
1297, 33.29, 33.29, 0.00, 0.00
1298, 33.76, 16.88, 0.00, 0.00
1299, 33.45, 16.73, 0.00, 0.00
1300, 33.14, 16.57, 0.00, 0.00
1301, 33.30, 16.65, 0.00, 0.00
1302, 33.08, 33.08, 0.00, 0.00
1303, 33.36, 16.68, 0.00, 0.00
1304, 33.24, 16.62, 0.00, 0.00
1305, 33.65, 16.82, 0.00, 0.00
1306, 33.42, 33.42, 0.00, 0.00
1307, 33.14, 16.57, 0.00, 0.00
1308, 33.77, 16.89, 0.00, 0.00
1309, 33.41, 16.70, 0.00, 0.00
1310, 34.17, 34.17, 0.00, 0.00
1311, 34.09, 17.05, 0.00, 0.00
1312, 33.96, 16.98, 0.00, 0.00
1313, 35.02, 17.51, 0.00, 0.00
1314, 32.66, 16.33, 0.00, 0.00
1315, 33.63, 16.82, 0.00, 0.00
1316, 33.47, 33.47, 0.00, 0.00
1317, 33.40, 16.70, 0.00, 0.00
1318, 33.42, 16.71, 0.00, 0.00
1319, 33.95, 16.97, 0.00, 0.00
1320, 33.80, 33.80, 0.00, 0.00
1321, 34.03, 34.03, 0.00, 0.00
1322, 34.57, 34.57, 0.00, 0.00
1323, 34.42, 34.42, 0.00, 0.00
1324, 34.58, 17.29, 0.00, 0.00
1325, 34.28, 17.14, 0.00, 0.00
1326, 34.59, 17.29, 0.00, 0.00
1327, 34.01, 17.00, 0.00, 0.00
1328, 34.46, 17.23, 0.00, 0.00
1329, 34.39, 34.39, 0.00, 0.00
1330, 33.74, 16.87, 0.00, 0.00
1331, 35.16, 17.58, 0.00, 0.00
1332, 34.19, 17.09, 0.00, 0.00
1333, 34.71, 17.35, 0.00, 0.00
1334, 34.47, 17.24, 0.00, 0.00
1335, 34.58, 17.29, 0.00, 0.00
1336, 34.43, 17.21, 0.00, 0.00
1337, 34.03, 17.02, 0.00, 0.00
1338, 34.48, 17.24, 0.00, 0.00
1339, 34.13, 17.06, 0.00, 0.00
1340, 33.00, 16.50, 0.00, 0.00
1341, 33.89, 16.94, 0.00, 0.00
1342, 33.62, 16.81, 0.00, 0.00
1343, 35.27, 17.64, 0.00, 0.00
1344, 31.69, 15.84, 0.00, 0.00
1345, 33.39, 16.70, 0.00, 0.00
1346, 33.83, 16.91, 0.00, 0.00
1347, 34.24, 34.24, 0.00, 0.00
1348, 34.32, 17.16, 0.00, 0.00
1349, 34.37, 17.18, 0.00, 0.00
1350, 34.94, 17.47, 0.00, 0.00
1351, 35.15, 17.57, 0.00, 0.00
1352, 35.18, 17.59, 0.00, 0.00
1353, 35.14, 17.57, 0.00, 0.00
1354, 35.34, 17.67, 0.00, 0.00
1355, 35.37, 17.68, 0.00, 0.00
1356, 34.88, 17.44, 0.00, 0.00
1357, 35.49, 17.74, 0.00, 0.00
1358, 35.23, 17.61, 0.00, 0.00
1359, 34.93, 17.47, 0.00, 0.00
1360, 35.47, 17.73, 0.00, 0.00
1361, 34.88, 17.44, 0.00, 0.00
1362, 35.09, 17.55, 0.00, 0.00
1363, 34.92, 17.46, 0.00, 0.00
1364, 34.85, 17.42, 0.00, 0.00
1365, 34.68, 17.34, 0.00, 0.00
1366, 36.45, 18.23, 0.00, 0.00
1367, 33.57, 16.79, 0.00, 0.00
1368, 35.29, 17.65, 0.00, 0.00
1369, 35.74, 17.87, 0.00, 0.00
1370, 35.19, 35.19, 0.00, 0.00
1371, 35.07, 35.07, 0.00, 0.00
1372, 34.49, 34.49, 0.00, 0.00
1373, 35.36, 17.68, 0.00, 0.00
1374, 34.59, 17.30, 0.00, 0.00
1375, 35.39, 17.70, 0.00, 0.00
1376, 35.90, 17.95, 0.00, 0.00
1377, 36.25, 18.13, 0.00, 0.00
1378, 36.86, 36.86, 0.00, 0.00
1379, 37.19, 18.60, 0.00, 0.00
1380, 36.77, 18.38, 0.00, 0.00
1381, 37.04, 18.52, 0.00, 0.00
1382, 36.89, 18.45, 0.00, 0.00
1383, 37.00, 18.50, 0.00, 0.00
1384, 36.87, 36.87, 0.00, 0.00
1385, 36.77, 18.38, 0.00, 0.00
1386, 37.00, 37.00, 0.00, 0.00
1387, 36.43, 36.43, 0.00, 0.00
1388, 36.58, 18.29, 0.00, 0.00
1389, 36.50, 18.25, 0.00, 0.00
1390, 36.63, 36.63, 0.00, 0.00
1391, 36.49, 18.25, 0.00, 0.00
1392, 36.75, 18.37, 0.00, 0.00
1393, 36.37, 36.37, 0.00, 0.00
1394, 37.03, 18.51, 0.00, 0.00
1395, 36.40, 18.20, 0.00, 0.00
1396, 35.59, 17.79, 0.00, 0.00
1397, 36.85, 18.43, 0.00, 0.00
1398, 34.76, 17.38, 0.00, 0.00
1399, 35.36, 17.68, 0.00, 0.00
1400, 35.39, 17.69, 0.00, 0.00
1401, 35.20, 35.20, 0.00, 0.00
1402, 35.39, 17.69, 0.00, 0.00
1403, 34.81, 17.41, 0.00, 0.00
1404, 35.33, 17.66, 0.00, 0.00
1405, 34.91, 17.46, 0.00, 0.00
1406, 35.87, 17.94, 0.00, 0.00
1407, 35.42, 17.71, 0.00, 0.00
1408, 35.73, 17.86, 0.00, 0.00
1409, 36.04, 18.02, 0.00, 0.00
1410, 36.37, 36.37, 0.00, 0.00
1411, 37.10, 18.55, 0.00, 0.00
1412, 37.39, 18.70, 0.00, 0.00
1413, 37.50, 18.75, 0.00, 0.00
1414, 37.82, 18.91, 0.00, 0.00
1415, 37.28, 18.64, 0.00, 0.00
1416, 37.85, 18.93, 0.00, 0.00
1417, 37.10, 18.55, 0.00, 0.00
1418, 38.29, 19.14, 0.00, 0.00
1419, 36.95, 18.47, 0.00, 0.00
1420, 36.15, 36.15, 0.00, 0.00
1421, 37.13, 18.56, 0.00, 0.00
1422, 37.16, 37.16, 0.00, 0.00
1423, 36.78, 18.39, 0.00, 0.00
1424, 36.78, 18.39, 0.00, 0.00
1425, 35.89, 17.94, 0.00, 0.00
1426, 37.04, 18.52, 0.00, 0.00
1427, 35.68, 17.84, 0.00, 0.00
1428, 36.51, 18.26, 0.00, 0.00
1429, 37.75, 37.75, 0.00, 0.00
1430, 37.23, 18.61, 0.00, 0.00
1431, 37.21, 18.61, 0.00, 0.00
1432, 37.55, 37.55, 0.00, 0.00
1433, 38.10, 38.10, 0.00, 0.00
1434, 38.15, 19.07, 0.00, 0.00
1435, 38.81, 19.41, 0.00, 0.00
1436, 38.03, 19.02, 0.00, 0.00
1437, 38.15, 19.07, 0.00, 0.00
1438, 37.98, 37.98, 0.00, 0.00
1439, 38.27, 38.27, 0.00, 0.00
1440, 40.03, 20.01, 0.00, 0.00
1441, 36.90, 18.45, 0.00, 0.00
1442, 38.19, 38.19, 0.00, 0.00
1443, 38.06, 19.03, 0.00, 0.00
1444, 36.80, 36.80, 0.00, 0.00
1445, 37.38, 37.38, 0.00, 0.00
1446, 37.05, 37.05, 0.00, 0.00
1447, 36.41, 18.20, 0.00, 0.00
1448, 36.55, 18.27, 0.00, 0.00
1449, 36.48, 18.24, 0.00, 0.00
1450, 36.69, 18.35, 0.00, 0.00
1451, 36.93, 18.47, 0.00, 0.00
1452, 36.92, 18.46, 0.00, 0.00
1453, 37.03, 18.51, 0.00, 0.00
1454, 36.89, 18.44, 0.00, 0.00
1455, 37.03, 18.51, 0.00, 0.00
1456, 36.99, 18.50, 0.00, 0.00
1457, 37.20, 18.60, 0.00, 0.00
1458, 36.99, 18.50, 0.00, 0.00
1459, 36.50, 18.25, 0.00, 0.00
1460, 36.14, 18.07, 0.00, 0.00
1461, 35.83, 17.92, 0.00, 0.00
1462, 36.94, 18.47, 0.00, 0.00
1463, 35.28, 17.64, 0.00, 0.00
1464, 35.87, 17.94, 0.00, 0.00
1465, 35.73, 17.87, 0.00, 0.00
1466, 35.99, 35.99, 0.00, 0.00
1467, 35.36, 17.68, 0.00, 0.00
1468, 35.30, 17.65, 0.00, 0.00
1469, 35.79, 17.89, 0.00, 0.00
1470, 36.51, 18.25, 0.00, 0.00
1471, 36.96, 18.48, 0.00, 0.00
1472, 36.96, 18.48, 0.00, 0.00
1473, 37.75, 18.88, 0.00, 0.00
1474, 39.37, 19.68, 0.00, 0.00
1475, 35.95, 17.98, 0.00, 0.00
1476, 37.32, 18.66, 0.00, 0.00
1477, 37.55, 37.55, 0.00, 0.00
1478, 37.58, 18.79, 0.00, 0.00
1479, 37.57, 18.78, 0.00, 0.00
1480, 37.37, 18.69, 0.00, 0.00
1481, 37.38, 18.69, 0.00, 0.00
1482, 37.50, 18.75, 0.00, 0.00
1483, 37.60, 18.80, 0.00, 0.00
1484, 37.57, 18.78, 0.00, 0.00
1485, 37.08, 18.54, 0.00, 0.00
1486, 37.53, 18.77, 0.00, 0.00
1487, 36.26, 18.13, 0.00, 0.00
1488, 36.58, 18.29, 0.00, 0.00
1489, 36.81, 18.41, 0.00, 0.00
1490, 36.82, 18.41, 0.00, 0.00
1491, 37.17, 18.58, 0.00, 0.00
1492, 38.07, 19.03, 0.00, 0.00
1493, 37.95, 18.97, 0.00, 0.00
1494, 36.62, 18.31, 0.00, 0.00
1495, 37.49, 18.75, 0.00, 0.00
1496, 37.69, 18.85, 0.00, 0.00
1497, 38.61, 19.30, 0.00, 0.00
1498, 37.05, 18.53, 0.00, 0.00
1499, 37.65, 37.65, 0.00, 0.00
1500, 37.43, 18.71, 0.00, 0.00
1501, 37.22, 18.61, 0.00, 0.00
1502, 37.60, 37.60, 0.00, 0.00
1503, 37.99, 19.00, 0.00, 0.00
1504, 37.16, 18.58, 0.00, 0.00
1505, 37.53, 18.77, 0.00, 0.00
1506, 38.68, 19.34, 0.00, 0.00
1507, 38.52, 19.26, 0.00, 0.00
1508, 38.04, 19.02, 0.00, 0.00
1509, 38.18, 19.09, 0.00, 0.00
1510, 38.31, 19.15, 0.00, 0.00
1511, 38.05, 19.02, 0.00, 0.00
1512, 37.69, 18.84, 0.00, 0.00
1513, 37.37, 18.68, 0.00, 0.00
1514, 37.87, 18.93, 0.00, 0.00
1515, 38.45, 19.22, 0.00, 0.00
1516, 38.39, 19.19, 0.00, 0.00
1517, 38.44, 38.44, 0.00, 0.00
1518, 39.13, 39.13, 0.00, 0.00
1519, 38.56, 19.28, 0.00, 0.00
1520, 38.55, 19.28, 0.00, 0.00
1521, 38.47, 19.24, 0.00, 0.00
1522, 38.56, 38.56, 0.00, 0.00
1523, 38.55, 19.27, 0.00, 0.00
1524, 37.84, 18.92, 0.00, 0.00
1525, 37.41, 18.71, 0.00, 0.00
1526, 36.05, 18.03, 0.00, 0.00
1527, 36.03, 18.01, 0.00, 0.00
1528, 35.32, 17.66, 0.00, 0.00
1529, 35.03, 17.51, 0.00, 0.00
1530, 34.92, 17.46, 0.00, 0.00
1531, 34.81, 17.41, 0.00, 0.00
1532, 34.85, 17.43, 0.00, 0.00
1533, 34.52, 17.26, 0.00, 0.00
1534, 34.44, 34.44, 0.00, 0.00
1535, 34.45, 17.22, 0.00, 0.00
1536, 33.49, 16.75, 0.00, 0.00
1537, 33.27, 33.27, 0.00, 0.00
1538, 33.54, 16.77, 0.00, 0.00
1539, 33.55, 16.77, 0.00, 0.00
1540, 33.04, 16.52, 0.00, 0.00
1541, 32.73, 32.73, 0.00, 0.00
1542, 33.11, 16.55, 0.00, 0.00
1543, 33.29, 33.29, 0.00, 0.00
1544, 33.28, 16.64, 0.00, 0.00
1545, 32.96, 16.48, 0.00, 0.00
1546, 33.59, 33.59, 0.00, 0.00
1547, 34.00, 17.00, 0.00, 0.00
1548, 33.67, 16.84, 0.00, 0.00
1549, 33.98, 16.99, 0.00, 0.00
1550, 33.77, 16.88, 0.00, 0.00
1551, 33.42, 16.71, 0.00, 0.00
1552, 33.49, 16.74, 0.00, 0.00
1553, 33.07, 16.53, 0.00, 0.00
1554, 33.37, 16.69, 0.00, 0.00
1555, 33.75, 16.88, 0.00, 0.00
1556, 33.57, 16.79, 0.00, 0.00
1557, 33.48, 16.74, 0.00, 0.00
1558, 33.08, 16.54, 0.00, 0.00
1559, 33.12, 16.56, 0.00, 0.00
1560, 33.13, 16.57, 0.00, 0.00
1561, 32.66, 16.33, 0.00, 0.00
1562, 32.40, 16.20, 0.00, 0.00
1563, 32.24, 16.12, 0.00, 0.00
1564, 32.55, 16.28, 0.00, 0.00
1565, 50.34, 25.17, 0.00, 0.00
1566, 32.45, 32.45, 0.00, 0.00
1567, 32.18, 16.09, 0.00, 0.00
1568, 31.41, 15.71, 0.00, 0.00
1569, 31.70, 31.70, 0.00, 0.00
1570, 32.47, 16.23, 0.00, 0.00
1571, 32.30, 16.15, 0.00, 0.00
1572, 32.50, 32.50, 0.00, 0.00
1573, 33.09, 16.55, 0.00, 0.00
1574, 32.75, 16.38, 0.00, 0.00
1575, 31.71, 15.85, 0.00, 0.00
1576, 33.04, 16.52, 0.00, 0.00
1577, 32.50, 16.25, 0.00, 0.00
1578, 32.49, 32.49, 0.00, 0.00
1579, 32.51, 32.51, 0.00, 0.00
1580, 32.92, 16.46, 0.00, 0.00
1581, 32.97, 16.49, 0.00, 0.00
1582, 32.79, 16.40, 0.00, 0.00
1583, 33.82, 16.91, 0.00, 0.00
1584, 32.39, 32.39, 0.00, 0.00
1585, 33.00, 16.50, 0.00, 0.00
1586, 32.38, 16.19, 0.00, 0.00
1587, 32.92, 16.46, 0.00, 0.00
1588, 32.67, 16.33, 0.00, 0.00
1589, 32.68, 16.34, 0.00, 0.00
1590, 32.64, 16.32, 0.00, 0.00
1591, 32.91, 16.46, 0.00, 0.00
1592, 32.86, 16.43, 0.00, 0.00
1593, 32.53, 32.53, 0.00, 0.00
1594, 32.19, 32.19, 0.00, 0.00
1595, 32.55, 32.55, 0.00, 0.00
1596, 33.04, 16.52, 0.00, 0.00
1597, 33.10, 16.55, 0.00, 0.00
1598, 33.51, 16.75, 0.00, 0.00
1599, 33.87, 16.94, 0.00, 0.00
1600, 34.35, 34.35, 0.00, 0.00
1601, 34.20, 17.10, 0.00, 0.00
1602, 34.21, 17.11, 0.00, 0.00
1603, 33.50, 33.50, 0.00, 0.00
1604, 33.90, 16.95, 0.00, 0.00
1605, 34.40, 17.20, 0.00, 0.00
1606, 32.50, 16.25, 0.00, 0.00
1607, 33.00, 33.00, 0.00, 0.00
1608, 32.89, 16.45, 0.00, 0.00
1609, 32.18, 32.18, 0.00, 0.00
1610, 32.01, 16.01, 0.00, 0.00
1611, 32.02, 16.01, 0.00, 0.00
1612, 30.17, 15.09, 0.00, 0.00
1613, 32.16, 32.16, 0.00, 0.00
1614, 31.12, 15.56, 0.00, 0.00
1615, 31.13, 31.13, 0.00, 0.00
1616, 31.32, 15.66, 0.00, 0.00
1617, 31.34, 15.67, 0.00, 0.00
1618, 30.87, 15.44, 0.00, 0.00
1619, 31.09, 31.09, 0.00, 0.00
1620, 31.69, 15.85, 0.00, 0.00
1621, 31.86, 15.93, 0.00, 0.00
1622, 31.81, 15.90, 0.00, 0.00
1623, 31.67, 15.83, 0.00, 0.00
1624, 32.39, 16.20, 0.00, 0.00
1625, 31.17, 15.59, 0.00, 0.00
1626, 31.56, 15.78, 0.00, 0.00
1627, 31.07, 15.53, 0.00, 0.00
1628, 31.22, 15.61, 0.00, 0.00
1629, 31.16, 15.58, 0.00, 0.00
1630, 31.16, 15.58, 0.00, 0.00
1631, 30.08, 30.08, 0.00, 0.00
1632, 30.64, 30.64, 0.00, 0.00
1633, 30.24, 15.12, 0.00, 0.00
1634, 30.71, 15.35, 0.00, 0.00
1635, 31.50, 15.75, 0.00, 0.00
1636, 29.69, 14.84, 0.00, 0.00
1637, 31.47, 15.74, 0.00, 0.00
1638, 31.82, 15.91, 0.00, 0.00
1639, 32.38, 16.19, 0.00, 0.00
1640, 31.14, 15.57, 0.00, 0.00
1641, 31.47, 15.74, 0.00, 0.00
1642, 32.16, 16.08, 0.00, 0.00
1643, 30.73, 15.36, 0.00, 0.00
1644, 31.14, 15.57, 0.00, 0.00
1645, 31.22, 15.61, 0.00, 0.00
1646, 30.59, 15.29, 0.00, 0.00
1647, 30.72, 15.36, 0.00, 0.00
1648, 30.67, 15.33, 0.00, 0.00
1649, 30.87, 30.87, 0.00, 0.00
1650, 30.22, 15.11, 0.00, 0.00
1651, 30.59, 15.30, 0.00, 0.00
1652, 30.19, 15.09, 0.00, 0.00
1653, 30.43, 15.22, 0.00, 0.00
1654, 30.44, 15.22, 0.00, 0.00
1655, 30.37, 15.19, 0.00, 0.00
1656, 29.72, 14.86, 0.00, 0.00
1657, 30.27, 15.14, 0.00, 0.00
1658, 30.81, 15.40, 0.00, 0.00
1659, 30.60, 15.30, 0.00, 0.00
1660, 30.83, 30.83, 0.00, 0.00
1661, 30.87, 30.87, 0.00, 0.00
1662, 31.35, 31.35, 0.00, 0.00
1663, 31.64, 15.82, 0.00, 0.00
1664, 30.50, 15.25, 0.00, 0.00
1665, 30.68, 15.34, 0.00, 0.00
1666, 31.58, 15.79, 0.00, 0.00
1667, 29.68, 14.84, 0.00, 0.00
1668, 30.37, 30.37, 0.00, 0.00
1669, 30.62, 15.31, 0.00, 0.00
1670, 30.59, 15.29, 0.00, 0.00
1671, 30.46, 15.23, 0.00, 0.00
1672, 30.43, 15.21, 0.00, 0.00
1673, 31.29, 15.64, 0.00, 0.00
1674, 31.09, 15.54, 0.00, 0.00
1675, 30.47, 15.24, 0.00, 0.00
1676, 31.21, 15.60, 0.00, 0.00
1677, 31.86, 15.93, 0.00, 0.00
1678, 32.06, 16.03, 0.00, 0.00
1679, 32.15, 16.08, 0.00, 0.00
1680, 32.28, 16.14, 0.00, 0.00
1681, 32.67, 32.67, 0.00, 0.00
1682, 32.65, 32.65, 0.00, 0.00
1683, 32.73, 16.37, 0.00, 0.00
1684, 32.74, 16.37, 0.00, 0.00
1685, 32.04, 16.02, 0.00, 0.00
1686, 32.99, 16.49, 0.00, 0.00
1687, 32.45, 16.23, 0.00, 0.00
1688, 31.88, 15.94, 0.00, 0.00
1689, 32.29, 16.14, 0.00, 0.00
1690, 32.08, 16.04, 0.00, 0.00
1691, 32.10, 16.05, 0.00, 0.00
1692, 31.80, 15.90, 0.00, 0.00
1693, 32.08, 16.04, 0.00, 0.00
1694, 31.37, 15.68, 0.00, 0.00
1695, 31.74, 31.74, 0.00, 0.00
1696, 31.34, 15.67, 0.00, 0.00
1697, 31.87, 15.94, 0.00, 0.00
1698, 31.98, 15.99, 0.00, 0.00
1699, 32.14, 16.07, 0.00, 0.00
1700, 31.86, 15.93, 0.00, 0.00
1701, 31.80, 15.90, 0.00, 0.00
1702, 32.35, 16.18, 0.00, 0.00
1703, 31.49, 15.74, 0.00, 0.00
1704, 32.02, 16.01, 0.00, 0.00
1705, 31.87, 31.87, 0.00, 0.00
1706, 32.27, 16.14, 0.00, 0.00
1707, 32.09, 16.05, 0.00, 0.00
1708, 31.69, 15.84, 0.00, 0.00
1709, 32.10, 16.05, 0.00, 0.00
1710, 32.36, 16.18, 0.00, 0.00
1711, 32.09, 32.09, 0.00, 0.00
1712, 32.06, 32.06, 0.00, 0.00
1713, 31.96, 15.98, 0.00, 0.00
1714, 32.37, 16.19, 0.00, 0.00
1715, 32.34, 16.17, 0.00, 0.00
1716, 32.45, 16.23, 0.00, 0.00
1717, 32.25, 16.12, 0.00, 0.00
1718, 32.54, 16.27, 0.00, 0.00
1719, 32.89, 16.44, 0.00, 0.00
1720, 32.67, 32.67, 0.00, 0.00
1721, 32.61, 16.30, 0.00, 0.00
1722, 33.37, 16.68, 0.00, 0.00
1723, 32.93, 16.46, 0.00, 0.00
1724, 33.37, 16.69, 0.00, 0.00
1725, 33.35, 33.35, 0.00, 0.00
1726, 33.55, 16.77, 0.00, 0.00
1727, 34.16, 17.08, 0.00, 0.00
1728, 33.10, 16.55, 0.00, 0.00
1729, 33.41, 33.41, 0.00, 0.00
1730, 33.58, 16.79, 0.00, 0.00
1731, 33.36, 16.68, 0.00, 0.00
1732, 34.06, 17.03, 0.00, 0.00
1733, 31.88, 15.94, 0.00, 0.00
1734, 33.30, 16.65, 0.00, 0.00
1735, 32.61, 16.31, 0.00, 0.00
1736, 31.89, 15.95, 0.00, 0.00
1737, 32.46, 16.23, 0.00, 0.00
1738, 33.40, 16.70, 0.00, 0.00
1739, 32.08, 16.04, 0.00, 0.00
1740, 33.26, 16.63, 0.00, 0.00
1741, 31.51, 15.76, 0.00, 0.00
1742, 32.63, 16.31, 0.00, 0.00
1743, 32.34, 16.17, 0.00, 0.00
1744, 32.09, 16.05, 0.00, 0.00
1745, 32.36, 16.18, 0.00, 0.00
1746, 32.32, 16.16, 0.00, 0.00
1747, 32.14, 16.07, 0.00, 0.00
1748, 33.49, 16.75, 0.00, 0.00
1749, 31.08, 15.54, 0.00, 0.00
1750, 32.63, 16.32, 0.00, 0.00
1751, 32.65, 16.33, 0.00, 0.00
1752, 33.44, 16.72, 0.00, 0.00
1753, 33.87, 33.87, 0.00, 0.00
1754, 33.78, 16.89, 0.00, 0.00
1755, 34.18, 17.09, 0.00, 0.00
1756, 34.33, 17.17, 0.00, 0.00
1757, 34.40, 17.20, 0.00, 0.00
1758, 34.63, 34.63, 0.00, 0.00
1759, 34.55, 17.28, 0.00, 0.00
1760, 34.78, 34.78, 0.00, 0.00
1761, 34.82, 17.41, 0.00, 0.00
1762, 34.91, 17.46, 0.00, 0.00
1763, 34.78, 17.39, 0.00, 0.00
1764, 34.65, 34.65, 0.00, 0.00
1765, 33.86, 16.93, 0.00, 0.00
1766, 34.33, 17.17, 0.00, 0.00
1767, 32.23, 32.23, 0.00, 0.00
1768, 33.20, 16.60, 0.00, 0.00
1769, 32.81, 32.81, 0.00, 0.00
1770, 33.07, 16.53, 0.00, 0.00
1771, 33.22, 16.61, 0.00, 0.00
1772, 32.53, 32.53, 0.00, 0.00
1773, 32.97, 16.48, 0.00, 0.00
1774, 33.31, 16.66, 0.00, 0.00
1775, 32.89, 16.45, 0.00, 0.00
1776, 33.39, 16.70, 0.00, 0.00
1777, 33.06, 16.53, 0.00, 0.00
1778, 33.14, 16.57, 0.00, 0.00
1779, 33.85, 16.92, 0.00, 0.00
1780, 33.04, 16.52, 0.00, 0.00
1781, 33.27, 16.64, 0.00, 0.00
1782, 33.91, 16.95, 0.00, 0.00
1783, 33.23, 16.62, 0.00, 0.00
1784, 32.78, 16.39, 0.00, 0.00
1785, 32.83, 16.42, 0.00, 0.00
1786, 32.74, 16.37, 0.00, 0.00
1787, 34.27, 17.13, 0.00, 0.00
1788, 33.16, 16.58, 0.00, 0.00
1789, 33.47, 16.73, 0.00, 0.00
1790, 33.54, 16.77, 0.00, 0.00
1791, 33.64, 16.82, 0.00, 0.00
1792, 33.74, 16.87, 0.00, 0.00
1793, 34.69, 17.35, 0.00, 0.00
1794, 32.66, 16.33, 0.00, 0.00
1795, 33.51, 16.76, 0.00, 0.00
1796, 33.65, 16.82, 0.00, 0.00
1797, 33.29, 16.64, 0.00, 0.00
1798, 33.14, 16.57, 0.00, 0.00
1799, 32.74, 16.37, 0.00, 0.00
1800, 32.64, 16.32, 0.00, 0.00
1801, 32.30, 16.15, 0.00, 0.00
1802, 32.65, 16.32, 0.00, 0.00
